sample_accession	run_accession	scientific_name	library_name	base_count	sample_alias	sample_title
SAMN15398036	SRR12106877	Clupea pallasii	Pacific30_Vancouver_Pacific_rg1	7321743600	Pacific30	Pacific30
SAMN15398088	SRR12106879	Clupea harengus	HGS16_Orkney_NorthSea_Autumn_rg2	2854402830	HGS16_Orkney	HGS16_Orkney
SAMN15398088	SRR12106880	Clupea harengus	HGS16_Orkney_NorthSea_Autumn_rg1	27330086242	HGS16_Orkney	HGS16_Orkney
SAMN15398086	SRR12106884	Clupea harengus	HGS21_Hebrides_Atlantic_Mixed_rg1	25570846152	HGS21_Hebrides	HGS21_Hebrides
SAMN15398085	SRR12106885	Clupea harengus	HGS27_Gloppen_Atlantic_Spring_rg2	23197946384	HGS27_Gloppen	HGS27_Gloppen
SAMN15398084	SRR12106887	Clupea harengus	HGS20_CapeWrath_Atlantic_Spring_rg1	30168411738	HGS20_CapeWrath	HGS20_CapeWrath
SAMN15398080	SRR12106892	Clupea harengus	HGS19_TeelinBay_Atlantic_Winter_rg3	8282786994	HGS19_TeelinBay	HGS19_TeelinBay
SAMN15398079	SRR12106895	Clupea harengus	HGS17_IsleOfMan_IrishSea_Autumn_rg1	43977608237	HGS17_IsleOfMan	HGS17_IsleOfMan
SAMN15398078	SRR12106896	Clupea harengus	HGS23_Clyde_Atlantic_Spring_rg1	38442047857	HGS23_Clyde	HGS23_Clyde
SAMN15398077	SRR12106897	Clupea harengus	HGS26_Lusterfjorden_Atlantic_Spring_rg2	16848853914	HGS26_Lusterfjorden	HGS26_Lusterfjorden
SAMN15398077	SRR12106898	Clupea harengus	HGS26_Lusterfjorden_Atlantic_Spring_rg1	17203047970	HGS26_Lusterfjorden	HGS26_Lusterfjorden
SAMN15398076	SRR12106900	Clupea harengus	HGS25_Lindas_Atlantic_Spring_rg2	21871062876	HGS25_Lindas	HGS25_Lindas
SAMN15398073	SRR12106904	Clupea harengus	LandvikS17_Norway_Baltic_Spring_rg1	30075386610	LandvikS17	LandvikS17
SAMN15398070	SRR12106908	Clupea harengus	HGS5_Schlei_Baltic_Autumn_rg1	38347042048	HGS5_Schlei	HGS5_Schlei
SAMN15398065	SRR12106914	Clupea harengus	HGS72_Rugen_Baltic_Spring_rg1	58638188916	HGS72_Rugen	HGS72_Rugen
SAMN15398060	SRR12106919	Clupea harengus	HGS1_Riga_Baltic_Spring_rg1	67771541355	HGS1_Riga	HGS1_Riga
SAMN15398059	SRR12106920	Clupea harengus	Fehmarn44_Fehmarn_Baltic_Autumn_rg1	26522114750	Fehmarn44	Fehmarn44
SAMN15398057	SRR12106923	Clupea harengus	Fehmarn3_Fehmarn_Baltic_Autumn_rg1	22572411750	Fehmarn3	Fehmarn3
SAMN15398053	SRR12106927	Clupea harengus	AAL3_CelticSea_Atlantic_Winter_rg2	6143606838	AAL3_CelticSea	AAL3_CelticSea
SAMN15398049	SRR12106936	Clupea harengus	AK2_Downs_Atlantic_Winter_rg2	6637480726	AK2_Downs	AK2_Downs
SAMN15398047	SRR12106941	Clupea harengus	Z14_IsleofMan_Atlantic_Autumn_rg1	6427618208	Z14_IsleofMan	Z14_IsleofMan
SAMN15398046	SRR12106942	Clupea harengus	Z12_IsleofMan_Atlantic_Autumn_rg2	5554209142	Z12_IsleofMan	Z12_IsleofMan
SAMN15398046	SRR12106944	Clupea harengus	Z12_IsleofMan_Atlantic_Autumn_rg1	5604407582	Z12_IsleofMan	Z12_IsleofMan
SAMN15398045	SRR12106946	Clupea harengus	Z4_IsleofMan_Atlantic_Autumn_rg1	8767837650	Z4_IsleofMan	Z4_IsleofMan
SAMN15398043	SRR12106948	Clupea harengus	NorthSea19_NorthSea_Atlantic_Autumn_rg1	15882116750	NorthSea19	NorthSea19
SAMN15398041	SRR12106950	Clupea harengus	NSSH36_Norway_Atlantic_Spring_rg2	5305353894	NSSH36	NSSH36
SAMN15398033	SRR12106954	Clupea pallasii	Pacific3_Vancouver_Pacific_rg3	13636993800	Pacific3	Pacific3
SAMN15398038	SRR12106959	Clupea pallasii	Pacific44_Vancouver_Pacific_rg1	16327221000	Pacific44	Pacific44
SAMN15398037	SRR12106960	Clupea pallasii	Pacific35_Vancouver_Pacific_rg3	13317401400	Pacific35	Pacific35
SAMN15398033	SRR12106966	Clupea pallasii	Pacific3_Vancouver_Pacific_rg1	13662280800	Pacific3	Pacific3
SAMN15420200	SRR12130191	Clupea harengus	40kb_CLR	5084027508	Atlantic herring CS2	PacBio genome sequence with CLR reads of Atlantic herring
SAMN20114585	SRR15068286	Clupea pallasii	HWS-51_rg1	54441943774	HWS-51	Model organism or animal sample from Clupea pallasii
SAMN20114583	SRR15068288	Clupea pallasii	HWS-43_rg1	46699653126	HWS-43	Model organism or animal sample from Clupea pallasii
SAMN20114581	SRR15068290	Clupea pallasii	HWS-41_rg1	52573709562	HWS-41	Model organism or animal sample from Clupea pallasii
SAMN20114580	SRR15068291	Clupea pallasii	HWS-64_rg1	50120906634	HWS-64	Model organism or animal sample from Clupea pallasii
SAMN20114605	SRR15068293	Clupea pallasii	HWS-2_rg1	44947957326	HWS-2	Model organism or animal sample from Clupea pallasii
SAMN20114604	SRR15068294	Clupea pallasii	HWS-3_rg1	43829105362	HWS-3	Model organism or animal sample from Clupea pallasii
SAMN20114603	SRR15068295	Clupea pallasii	HWS-5_rg1	47096821011	HWS-5	Model organism or animal sample from Clupea pallasii
SAMN20114579	SRR15068302	Clupea pallasii	HWS-63_rg1	48706084954	HWS-63	Model organism or animal sample from Clupea pallasii
SAMN20114594	SRR15068305	Clupea pallasii	HWS-22_rg1	48328449054	HWS-22	Model organism or animal sample from Clupea pallasii
SAMN20114593	SRR15068306	Clupea pallasii	HWS-21_rg1	42733936804	HWS-21	Model organism or animal sample from Clupea pallasii
SAMN20114588	SRR15068311	Clupea pallasii	HWS-54_rg1	54311561314	HWS-54	Model organism or animal sample from Clupea pallasii
SAMN20114578	SRR15068313	Clupea pallasii	HWS-62_rg1	46611677808	HWS-62	Model organism or animal sample from Clupea pallasii
SAMN33225885	SRR23440848	Clupea pallasii	Herring_792	2464004712	Herring_792	Model organism or animal sample from Clupea pallasii
SAMN33225884	SRR23440849	Clupea pallasii	Herring_791	1471620028	Herring_791	Model organism or animal sample from Clupea pallasii
SAMN33225849	SRR23440858	Clupea pallasii	Herring_755	1575529470	Herring_755	Model organism or animal sample from Clupea pallasii
SAMN33225875	SRR23440859	Clupea pallasii	Herring_782	1610908468	Herring_782	Model organism or animal sample from Clupea pallasii
SAMN33225874	SRR23440860	Clupea pallasii	Herring_781	950096530	Herring_781	Model organism or animal sample from Clupea pallasii
SAMN33225868	SRR23440866	Clupea pallasii	Herring_775	2031247168	Herring_775	Model organism or animal sample from Clupea pallasii
SAMN33225866	SRR23440868	Clupea pallasii	Herring_773	1470227506	Herring_773	Model organism or animal sample from Clupea pallasii
SAMN33225864	SRR23440871	Clupea pallasii	Herring_771	2017227724	Herring_771	Model organism or animal sample from Clupea pallasii
SAMN33225863	SRR23440872	Clupea pallasii	Herring_770	2195322862	Herring_770	Model organism or animal sample from Clupea pallasii
SAMN33225862	SRR23440873	Clupea pallasii	Herring_769	2176197202	Herring_769	Model organism or animal sample from Clupea pallasii
SAMN33225856	SRR23440879	Clupea pallasii	Herring_762	2978788778	Herring_762	Model organism or animal sample from Clupea pallasii
SAMN33225847	SRR23440880	Clupea pallasii	Herring_753	11575990992	Herring_753	Model organism or animal sample from Clupea pallasii
SAMN34152196	SRR24138611	Clupea harengus	PN3_CentralBaltic_Baltic_Spring_rg8	2518182608	PN3_CentralBaltic_Baltic_Spring	Model organism or animal sample from Clupea harengus
SAMN34152196	SRR24138612	Clupea harengus	PN3_CentralBaltic_Baltic_Spring_rg7	2532352376	PN3_CentralBaltic_Baltic_Spring	Model organism or animal sample from Clupea harengus
SAMN34152196	SRR24138613	Clupea harengus	PN3_CentralBaltic_Baltic_Spring_rg6	2545440491	PN3_CentralBaltic_Baltic_Spring	Model organism or animal sample from Clupea harengus
SAMN34152196	SRR24138614	Clupea harengus	PN3_CentralBaltic_Baltic_Spring_rg5	2563757300	PN3_CentralBaltic_Baltic_Spring	Model organism or animal sample from Clupea harengus
SAMN34152196	SRR24138617	Clupea harengus	PN3_CentralBaltic_Baltic_Spring_rg2	2826794270	PN3_CentralBaltic_Baltic_Spring	Model organism or animal sample from Clupea harengus
SAMN34152196	SRR24138619	Clupea harengus	PN3_CentralBaltic_Baltic_Spring_rg1	2779762841	PN3_CentralBaltic_Baltic_Spring	Model organism or animal sample from Clupea harengus
SAMN34152196	SRR24138621	Clupea harengus	PN3_CentralBaltic_Baltic_Spring_rg10	2861983632	PN3_CentralBaltic_Baltic_Spring	Model organism or animal sample from Clupea harengus
SAMN34152193	SRR24138626	Clupea harengus	PB9_Kattegat_Atlantic_Spring_rg5	3203538378	PB9_Kattegat_Atlantic_Spring	Model organism or animal sample from Clupea harengus
SAMN34152193	SRR24138628	Clupea harengus	PB9_Kattegat_Atlantic_Spring_rg3	3173786056	PB9_Kattegat_Atlantic_Spring	Model organism or animal sample from Clupea harengus
SAMN34152193	SRR24138631	Clupea harengus	PB9_Kattegat_Atlantic_Spring_rg1	3453230497	PB9_Kattegat_Atlantic_Spring	Model organism or animal sample from Clupea harengus
SAMN34152203	SRR24138642	Clupea harengus	AF30_Norway_Atlantic_Spring_rg3	2457654600	AF30_Norway_Atlantic_Spring	Model organism or animal sample from Clupea harengus
SAMN34152214	SRR24138650	Clupea harengus	BM14_HastKar_Baltic_Spring_rg3	2191731200	BM14_HastKar_Baltic_Spring	Model organism or animal sample from Clupea harengus
SAMN34152214	SRR24138651	Clupea harengus	BM14_HastKar_Baltic_Spring_rg2	2298796400	BM14_HastKar_Baltic_Spring	Model organism or animal sample from Clupea harengus
SAMN34152213	SRR24138654	Clupea harengus	BF21_HastKar_Baltic_Spring_rg5	2431780400	BF21_HastKar_Baltic_Spring	Model organism or animal sample from Clupea harengus
SAMN34152213	SRR24138655	Clupea harengus	BF21_HastKar_Baltic_Spring_rg4	2278527800	BF21_HastKar_Baltic_Spring	Model organism or animal sample from Clupea harengus
SAMN34152213	SRR24138658	Clupea harengus	BF21_HastKar_Baltic_Spring_rg1	2244796800	BF21_HastKar_Baltic_Spring	Model organism or animal sample from Clupea harengus
SAMN34152212	SRR24138662	Clupea harengus	BF19_HastKar_Baltic_Spring_rg2	2664896000	BF19_HastKar_Baltic_Spring	Model organism or animal sample from Clupea harengus
SAMN34152203	SRR24138664	Clupea harengus	AF30_Norway_Atlantic_Spring_rg1	2238381000	AF30_Norway_Atlantic_Spring	Model organism or animal sample from Clupea harengus
SAMN34152211	SRR24138665	Clupea harengus	BF18_HastKar_Baltic_Spring_rg5	2904495600	BF18_HastKar_Baltic_Spring	Model organism or animal sample from Clupea harengus
SAMN34152197	SRR24138668	Clupea harengus	PB6_Galve_Baltic_Summer_rg1	3346057029	PB6_Galve_Baltic_Summer	Model organism or animal sample from Clupea harengus
SAMN34152197	SRR24138669	Clupea harengus	PB6_Galve_Baltic_Summer_rg11	3494661903	PB6_Galve_Baltic_Summer	Model organism or animal sample from Clupea harengus
SAMN34152197	SRR24138670	Clupea harengus	PB6_Galve_Baltic_Summer_rg10	3431257428	PB6_Galve_Baltic_Summer	Model organism or animal sample from Clupea harengus
SAMN34152200	SRR24138671	Clupea harengus	PB5_Galve_Baltic_Spring_rg9	3166372693	PB5_Galve_Baltic_Spring	Model organism or animal sample from Clupea harengus
SAMN34152200	SRR24138675	Clupea harengus	PB5_Galve_Baltic_Spring_rg6	2697372778	PB5_Galve_Baltic_Spring	Model organism or animal sample from Clupea harengus
SAMN34152200	SRR24138677	Clupea harengus	PB5_Galve_Baltic_Spring_rg4	2729515479	PB5_Galve_Baltic_Spring	Model organism or animal sample from Clupea harengus
SAMN34152200	SRR24138680	Clupea harengus	PB5_Galve_Baltic_Spring_rg1	2953781073	PB5_Galve_Baltic_Spring	Model organism or animal sample from Clupea harengus
SAMN34152199	SRR24138683	Clupea harengus	PB4_Hudiksvall_Baltic_Spring_rg9	4025442573	PB4_Hudiksvall_Baltic_Spring	Model organism or animal sample from Clupea harengus
SAMN34152205	SRR24138685	Clupea harengus	AF8_Norway_Atlantic_Spring_rg2	2306251600	AF8_Norway_Atlantic_Spring	Model organism or animal sample from Clupea harengus
SAMN34152199	SRR24138690	Clupea harengus	PB4_Hudiksvall_Baltic_Spring_rg3	3408798972	PB4_Hudiksvall_Baltic_Spring	Model organism or animal sample from Clupea harengus
SAMN34152199	SRR24138693	Clupea harengus	PB4_Hudiksvall_Baltic_Spring_rg11	3920437374	PB4_Hudiksvall_Baltic_Spring	Model organism or animal sample from Clupea harengus
SAMN34152192	SRR24138696	Clupea harengus	PB10_Skagerrak_Atlantic_Spring_rg11	3596190068	PB10_Skagerrak_Atlantic_Spring	Model organism or animal sample from Clupea harengus
SAMN34152190	SRR24138707	Clupea harengus	N_NorthSea_Atlantic_Autumn_rg1	2493727859	N_NorthSea_Atlantic_Autumn	Model organism or animal sample from Clupea harengus
SAMN34152190	SRR24138712	Clupea harengus	N_NorthSea_Atlantic_Autumn_rg12	2492176004	N_NorthSea_Atlantic_Autumn	Model organism or animal sample from Clupea harengus
SAMN34152203	SRR24138715	Clupea harengus	AF30_Norway_Atlantic_Spring_rg4	2268346400	AF30_Norway_Atlantic_Spring	Model organism or animal sample from Clupea harengus
SAMN34152217	SRR24138716	Clupea harengus	BM19_HastKar_Baltic_Spring_rg5	2272203000	BM19_HastKar_Baltic_Spring	Model organism or animal sample from Clupea harengus
SAMN34152217	SRR24138719	Clupea harengus	BM19_HastKar_Baltic_Spring_rg2	2402294200	BM19_HastKar_Baltic_Spring	Model organism or animal sample from Clupea harengus
SAMN34152216	SRR24138722	Clupea harengus	BM16_HastKar_Baltic_Spring_rg4	2301309000	BM16_HastKar_Baltic_Spring	Model organism or animal sample from Clupea harengus
SAMN34152206	SRR24138724	Clupea harengus	AM27_Norway_Atlantic_Spring_rg1	2602321400	AM27_Norway_Atlantic_Spring	Model organism or animal sample from Clupea harengus
SAMN34152189	SRR24138726	Clupea pallasii	PB8_Pacific_Pacific_Spring_rg3	2761570676	PB8_Pacific_Pacific_Spring	Model organism or animal sample from Clupea pallasii
SAMN34152198	SRR24138733	Clupea harengus	PB7_Galve_Baltic_Autumn_rg7	2755465105	PB7_Galve_Baltic_Autumn	Model organism or animal sample from Clupea harengus
SAMN34152198	SRR24138734	Clupea harengus	PB7_Galve_Baltic_Autumn_rg6	2786405049	PB7_Galve_Baltic_Autumn	Model organism or animal sample from Clupea harengus
SAMN34152198	SRR24138735	Clupea harengus	PB7_Galve_Baltic_Autumn_rg5	2793530072	PB7_Galve_Baltic_Autumn	Model organism or animal sample from Clupea harengus
SAMN34152198	SRR24138740	Clupea harengus	PB7_Galve_Baltic_Autumn_rg1	2994494908	PB7_Galve_Baltic_Autumn	Model organism or animal sample from Clupea harengus
SAMN34152197	SRR24138744	Clupea harengus	PB6_Galve_Baltic_Summer_rg8	3027089136	PB6_Galve_Baltic_Summer	Model organism or animal sample from Clupea harengus
SAMN34152205	SRR24138747	Clupea harengus	AF8_Norway_Atlantic_Spring_rg4	2026894600	AF8_Norway_Atlantic_Spring	Model organism or animal sample from Clupea harengus
SAMN34152197	SRR24138748	Clupea harengus	PB6_Galve_Baltic_Summer_rg5	3076737995	PB6_Galve_Baltic_Summer	Model organism or animal sample from Clupea harengus
SAMN34152195	SRR24138752	Clupea harengus	PB12_Karlskrona_Baltic_Spring_rg5	2523729379	PB12_Karlskrona_Baltic_Spring	Model organism or animal sample from Clupea harengus
SAMN34152195	SRR24138753	Clupea harengus	PB12_Karlskrona_Baltic_Spring_rg4	2504586522	PB12_Karlskrona_Baltic_Spring	Model organism or animal sample from Clupea harengus
SAMN34152195	SRR24138758	Clupea harengus	PB12_Karlskrona_Baltic_Spring_rg11	2912671248	PB12_Karlskrona_Baltic_Spring	Model organism or animal sample from Clupea harengus
SAMN34152195	SRR24138759	Clupea harengus	PB12_Karlskrona_Baltic_Spring_rg10	2868987099	PB12_Karlskrona_Baltic_Spring	Model organism or animal sample from Clupea harengus
SAMN34152194	SRR24138760	Clupea harengus	PB11_Kalmar_Baltic_Spring_rg9	3487888476	PB11_Kalmar_Baltic_Spring	Model organism or animal sample from Clupea harengus
SAMN34152194	SRR24138762	Clupea harengus	PB11_Kalmar_Baltic_Spring_rg7	2933593192	PB11_Kalmar_Baltic_Spring	Model organism or animal sample from Clupea harengus
SAMN34152194	SRR24138764	Clupea harengus	PB11_Kalmar_Baltic_Spring_rg5	2968681968	PB11_Kalmar_Baltic_Spring	Model organism or animal sample from Clupea harengus
SAMN34152194	SRR24138766	Clupea harengus	PB11_Kalmar_Baltic_Spring_rg3	2927271386	PB11_Kalmar_Baltic_Spring	Model organism or animal sample from Clupea harengus
SAMN34152204	SRR24138768	Clupea harengus	AF31_Norway_Atlantic_Spring_rg2	2707408800	AF31_Norway_Atlantic_Spring	Model organism or animal sample from Clupea harengus
SAMN34152192	SRR24138772	Clupea harengus	PB10_Skagerrak_Atlantic_Spring_rg9	3715923746	PB10_Skagerrak_Atlantic_Spring	Model organism or animal sample from Clupea harengus
SAMN34152192	SRR24138775	Clupea harengus	PB10_Skagerrak_Atlantic_Spring_rg6	3133136461	PB10_Skagerrak_Atlantic_Spring	Model organism or animal sample from Clupea harengus
SAMN34152202	SRR24138787	Clupea harengus	AF29_Norway_Atlantic_Spring_rg5	2633315000	AF29_Norway_Atlantic_Spring	Model organism or animal sample from Clupea harengus
SAMN34152209	SRR24138788	Clupea harengus	AM8_Norway_Atlantic_Spring_rg5	2249285200	AM8_Norway_Atlantic_Spring	Model organism or animal sample from Clupea harengus
SAMN34152209	SRR24138789	Clupea harengus	AM8_Norway_Atlantic_Spring_rg4	2132945000	AM8_Norway_Atlantic_Spring	Model organism or animal sample from Clupea harengus
SAMN34152208	SRR24138793	Clupea harengus	AM33_Norway_Atlantic_Spring_rg5	2177058800	AM33_Norway_Atlantic_Spring	Model organism or animal sample from Clupea harengus
SAMN34152208	SRR24138795	Clupea harengus	AM33_Norway_Atlantic_Spring_rg3	2191487600	AM33_Norway_Atlantic_Spring	Model organism or animal sample from Clupea harengus
SAMN34152208	SRR24138797	Clupea harengus	AM33_Norway_Atlantic_Spring_rg1	2035591600	AM33_Norway_Atlantic_Spring	Model organism or animal sample from Clupea harengus
SAMN34152207	SRR24138802	Clupea harengus	AM29_Norway_Atlantic_Spring_rg2	2463098200	AM29_Norway_Atlantic_Spring	Model organism or animal sample from Clupea harengus
SAMN34152206	SRR24138804	Clupea harengus	AM27_Norway_Atlantic_Spring_rg5	2791995400	AM27_Norway_Atlantic_Spring	Model organism or animal sample from Clupea harengus
SAMN34152191	SRR24138809	Clupea harengus	PB2_Iceland_Atlantic_Spring_rg8	3050736552	PB2_Iceland_Atlantic_Spring	Model organism or animal sample from Clupea harengus
SAMN34152191	SRR24138810	Clupea harengus	PB2_Iceland_Atlantic_Spring_rg7	3042345297	PB2_Iceland_Atlantic_Spring	Model organism or animal sample from Clupea harengus
SAMN34152191	SRR24138816	Clupea harengus	PB2_Iceland_Atlantic_Spring_rg1	3307374333	PB2_Iceland_Atlantic_Spring	Model organism or animal sample from Clupea harengus
SAMN34152191	SRR24138817	Clupea harengus	PB2_Iceland_Atlantic_Spring_rg11	3513522089	PB2_Iceland_Atlantic_Spring	Model organism or animal sample from Clupea harengus
SAMN34152201	SRR24138824	Clupea harengus	PB1_HastKar_Baltic_Spring_rg5	2678370154	PB1_HastKar_Baltic_Spring	Model organism or animal sample from Clupea harengus
SAMN34152201	SRR24138826	Clupea harengus	PB1_HastKar_Baltic_Spring_rg3	2646647037	PB1_HastKar_Baltic_Spring	Model organism or animal sample from Clupea harengus
SAMN34152201	SRR24138829	Clupea harengus	PB1_HastKar_Baltic_Spring_rg11	3084708699	PB1_HastKar_Baltic_Spring	Model organism or animal sample from Clupea harengus
SAMN34152204	SRR24138830	Clupea harengus	AF31_Norway_Atlantic_Spring_rg4	2389688600	AF31_Norway_Atlantic_Spring	Model organism or animal sample from Clupea harengus
SAMN34152201	SRR24138831	Clupea harengus	PB1_HastKar_Baltic_Spring_rg10	3038239893	PB1_HastKar_Baltic_Spring	Model organism or animal sample from Clupea harengus
SAMN34152195	SRR24138834	Clupea harengus	PB12_Karlskrona_Baltic_Spring_rg7	2481383026	PB12_Karlskrona_Baltic_Spring	Model organism or animal sample from Clupea harengus
SAMN34152202	SRR24138836	Clupea harengus	AF29_Norway_Atlantic_Spring_rg2	2800526400	AF29_Norway_Atlantic_Spring	Model organism or animal sample from Clupea harengus
SAMN15398089	SRR12106875	Clupea harengus	HGS22_CapeWrath_Atlantic_Autumn_rg2	3534434048	HGS22_CapeWrath	HGS22_CapeWrath
SAMN15398087	SRR12106881	Clupea harengus	HGS18_CelticSea_Atlantic_AutumnWinter_rg1	29289455092	HGS18_CelticSea	HGS18_CelticSea
SAMN15398086	SRR12106883	Clupea harengus	HGS21_Hebrides_Atlantic_Mixed_rg2	5934526802	HGS21_Hebrides	HGS21_Hebrides
SAMN15398085	SRR12106886	Clupea harengus	HGS27_Gloppen_Atlantic_Spring_rg1	23365068050	HGS27_Gloppen	HGS27_Gloppen
SAMN15398035	SRR12106888	Clupea pallasii	Pacific16_Vancouver_Pacific_rg3	16273234200	Pacific16	Pacific16
SAMN15398083	SRR12106889	Clupea harengus	HGS15_NSSH_Atlantic_Spring_rg1	45936621868	HGS15_NSSH	HGS15_NSSH
SAMN15398082	SRR12106890	Clupea harengus	HGS9_Greenland_Atlantic_Spring_rg1	33642323614	HGS9_Greenland	HGS9_Greenland
SAMN15398081	SRR12106891	Clupea harengus	HGS10_Downs_EnglishChannel_Winter_rg1	33996966359	HGS10_Downs	HGS10_Downs
SAMN15398076	SRR12106901	Clupea harengus	HGS25_Lindas_Atlantic_Spring_rg1	21992444830	HGS25_Lindas	HGS25_Lindas
SAMN15398074	SRR12106903	Clupea harengus	LandvikS32_Norway_Baltic_Spring_rg1	20146192590	LandvikS32	LandvikS32
SAMN15398035	SRR12106910	Clupea pallasii	Pacific16_Vancouver_Pacific_rg1	16332449100	Pacific16	Pacific16
SAMN15398067	SRR12106912	Clupea harengus	TysklandS33_Germany_Baltic_rg1	18075315312	TysklandS33	TysklandS33
SAMN15398066	SRR12106913	Clupea harengus	TysklandS18_Germany_Baltic_rg1	30097247621	TysklandS18	TysklandS18
SAMN15398062	SRR12106917	Clupea harengus	HGS3_Riga_Baltic_Autumn_rg1	65763320330	HGS3_Riga	HGS3_Riga
SAMN15398061	SRR12106918	Clupea harengus	HGS2_Riga_Baltic_Spring_rg1	60709814434	HGS2_Riga	HGS2_Riga
SAMN15398034	SRR12106921	Clupea pallasii	Pacific5_Vancouver_Pacific_rg3	17090563500	Pacific5	Pacific5
SAMN15398056	SRR12106924	Clupea harengus	Gavle100_Gavle_Baltic_Autumn_rg1	53730479250	Gavle100	Gavle100
SAMN15398053	SRR12106928	Clupea harengus	AAL3_CelticSea_Atlantic_Winter_rg1	6185319078	AAL3_CelticSea	AAL3_CelticSea
SAMN15398052	SRR12106929	Clupea harengus	AAL2_CelticSea_Atlantic_Winter_rg2	6167820896	AAL2_CelticSea	AAL2_CelticSea
SAMN15398051	SRR12106931	Clupea harengus	AAL1_CelticSea_Atlantic_Winter_rg2	5335574732	AAL1_CelticSea	AAL1_CelticSea
SAMN15398051	SRR12106933	Clupea harengus	AAL1_CelticSea_Atlantic_Winter_rg1	5385676532	AAL1_CelticSea	AAL1_CelticSea
SAMN15398050	SRR12106935	Clupea harengus	AK3_Downs_Atlantic_Winter_rg1	5844696298	AK3_Downs	AK3_Downs
SAMN15398048	SRR12106938	Clupea harengus	AK1_Downs_Atlantic_Winter_rg2	5631713818	AK1_Downs	AK1_Downs
SAMN15398048	SRR12106939	Clupea harengus	AK1_Downs_Atlantic_Winter_rg1	5692526954	AK1_Downs	AK1_Downs
SAMN15398047	SRR12106940	Clupea harengus	Z14_IsleofMan_Atlantic_Autumn_rg2	6379682050	Z14_IsleofMan	Z14_IsleofMan
SAMN15398034	SRR12106943	Clupea pallasii	Pacific5_Vancouver_Pacific_rg1	17069108700	Pacific5	Pacific5
SAMN15398044	SRR12106947	Clupea harengus	NorthSea34_NorthSea_Atlantic_Autumn_rg1	15850303000	NorthSea34	NorthSea34
SAMN15398041	SRR12106951	Clupea harengus	NSSH36_Norway_Atlantic_Spring_rg1	5340273852	NSSH36	NSSH36
SAMN15398040	SRR12106952	Clupea harengus	NSSH34_Norway_Atlantic_Spring_rg2	6668171174	NSSH34	NSSH34
SAMN15398036	SRR12106963	Clupea pallasii	Pacific30_Vancouver_Pacific_rg3	7344657900	Pacific30	Pacific30
SAMN20114586	SRR15068285	Clupea pallasii	HWS-52_rg1	44819647558	HWS-52	Model organism or animal sample from Clupea pallasii
SAMN20114584	SRR15068287	Clupea pallasii	HWS-44_rg1	52295259522	HWS-44	Model organism or animal sample from Clupea pallasii
SAMN20114582	SRR15068289	Clupea pallasii	HWS-42_rg1	49870903786	HWS-42	Model organism or animal sample from Clupea pallasii
SAMN20114600	SRR15068298	Clupea pallasii	HWS-14_rg1	48135311900	HWS-14	Model organism or animal sample from Clupea pallasii
SAMN20114599	SRR15068299	Clupea pallasii	HWS-13_rg1	38892704580	HWS-13	Model organism or animal sample from Clupea pallasii
SAMN20114597	SRR15068301	Clupea pallasii	HWS-11_rg1	31513045566	HWS-11	Model organism or animal sample from Clupea pallasii
SAMN20114596	SRR15068303	Clupea pallasii	HWS-24_rg1	36530416488	HWS-24	Model organism or animal sample from Clupea pallasii
SAMN20114592	SRR15068307	Clupea pallasii	HWS-34_rg1	46944814008	HWS-34	Model organism or animal sample from Clupea pallasii
SAMN33225855	SRR23440841	Clupea pallasii	Herring_761	2135933656	Herring_761	Model organism or animal sample from Clupea pallasii
SAMN33225853	SRR23440843	Clupea pallasii	Herring_759	2020147460	Herring_759	Model organism or animal sample from Clupea pallasii
SAMN33225852	SRR23440844	Clupea pallasii	Herring_758	1306845204	Herring_758	Model organism or animal sample from Clupea pallasii
SAMN33225851	SRR23440845	Clupea pallasii	Herring_757	2206634876	Herring_757	Model organism or animal sample from Clupea pallasii
SAMN33225880	SRR23440853	Clupea pallasii	Herring_787	2601382700	Herring_787	Model organism or animal sample from Clupea pallasii
SAMN33225878	SRR23440855	Clupea pallasii	Herring_785	1424137474	Herring_785	Model organism or animal sample from Clupea pallasii
SAMN33225877	SRR23440856	Clupea pallasii	Herring_784	1661744430	Herring_784	Model organism or animal sample from Clupea pallasii
SAMN33225876	SRR23440857	Clupea pallasii	Herring_783	532924602	Herring_783	Model organism or animal sample from Clupea pallasii
SAMN33225872	SRR23440862	Clupea pallasii	Herring_779	2035651234	Herring_779	Model organism or animal sample from Clupea pallasii
SAMN33225871	SRR23440863	Clupea pallasii	Herring_778	2090687110	Herring_778	Model organism or animal sample from Clupea pallasii
SAMN33225870	SRR23440864	Clupea pallasii	Herring_777	1365256232	Herring_777	Model organism or animal sample from Clupea pallasii
SAMN33225861	SRR23440874	Clupea pallasii	Herring_768	1287869336	Herring_768	Model organism or animal sample from Clupea pallasii
SAMN33225858	SRR23440877	Clupea pallasii	Herring_765	2990258436	Herring_765	Model organism or animal sample from Clupea pallasii
SAMN33225857	SRR23440878	Clupea pallasii	Herring_763	4563852388	Herring_763	Model organism or animal sample from Clupea pallasii
SAMN34152192	SRR24138610	Clupea harengus	PB10_Skagerrak_Atlantic_Spring_rg2	3493798801	PB10_Skagerrak_Atlantic_Spring	Model organism or animal sample from Clupea harengus
SAMN34152196	SRR24138615	Clupea harengus	PN3_CentralBaltic_Baltic_Spring_rg4	2548838257	PN3_CentralBaltic_Baltic_Spring	Model organism or animal sample from Clupea harengus
SAMN34152196	SRR24138616	Clupea harengus	PN3_CentralBaltic_Baltic_Spring_rg3	2529661489	PN3_CentralBaltic_Baltic_Spring	Model organism or animal sample from Clupea harengus
SAMN34152206	SRR24138618	Clupea harengus	AM27_Norway_Atlantic_Spring_rg3	2812031600	AM27_Norway_Atlantic_Spring	Model organism or animal sample from Clupea harengus
SAMN34152193	SRR24138622	Clupea harengus	PB9_Kattegat_Atlantic_Spring_rg9	3710031082	PB9_Kattegat_Atlantic_Spring	Model organism or animal sample from Clupea harengus
SAMN34152193	SRR24138624	Clupea harengus	PB9_Kattegat_Atlantic_Spring_rg7	3155105638	PB9_Kattegat_Atlantic_Spring	Model organism or animal sample from Clupea harengus
SAMN34152206	SRR24138629	Clupea harengus	AM27_Norway_Atlantic_Spring_rg2	2954368200	AM27_Norway_Atlantic_Spring	Model organism or animal sample from Clupea harengus
SAMN34152193	SRR24138632	Clupea harengus	PB9_Kattegat_Atlantic_Spring_rg11	3615992410	PB9_Kattegat_Atlantic_Spring	Model organism or animal sample from Clupea harengus
SAMN34152189	SRR24138634	Clupea pallasii	PB8_Pacific_Pacific_Spring_rg9	3278195955	PB8_Pacific_Pacific_Spring	Model organism or animal sample from Clupea pallasii
SAMN34152189	SRR24138635	Clupea pallasii	PB8_Pacific_Pacific_Spring_rg8	2766874168	PB8_Pacific_Pacific_Spring	Model organism or animal sample from Clupea pallasii
SAMN34152189	SRR24138636	Clupea pallasii	PB8_Pacific_Pacific_Spring_rg7	2763099580	PB8_Pacific_Pacific_Spring	Model organism or animal sample from Clupea pallasii
SAMN34152189	SRR24138638	Clupea pallasii	PB8_Pacific_Pacific_Spring_rg5	2797380326	PB8_Pacific_Pacific_Spring	Model organism or animal sample from Clupea pallasii
SAMN34152216	SRR24138641	Clupea harengus	BM16_HastKar_Baltic_Spring_rg1	2263056200	BM16_HastKar_Baltic_Spring	Model organism or animal sample from Clupea harengus
SAMN34152215	SRR24138645	Clupea harengus	BM15_HastKar_Baltic_Spring_rg3	2627729400	BM15_HastKar_Baltic_Spring	Model organism or animal sample from Clupea harengus
SAMN34152214	SRR24138648	Clupea harengus	BM14_HastKar_Baltic_Spring_rg5	2174679200	BM14_HastKar_Baltic_Spring	Model organism or animal sample from Clupea harengus
SAMN34152214	SRR24138649	Clupea harengus	BM14_HastKar_Baltic_Spring_rg4	2054987000	BM14_HastKar_Baltic_Spring	Model organism or animal sample from Clupea harengus
SAMN34152212	SRR24138660	Clupea harengus	BF19_HastKar_Baltic_Spring_rg4	2378298400	BF19_HastKar_Baltic_Spring	Model organism or animal sample from Clupea harengus
SAMN34152212	SRR24138661	Clupea harengus	BF19_HastKar_Baltic_Spring_rg3	2545619000	BF19_HastKar_Baltic_Spring	Model organism or animal sample from Clupea harengus
SAMN34152212	SRR24138663	Clupea harengus	BF19_HastKar_Baltic_Spring_rg1	2344259600	BF19_HastKar_Baltic_Spring	Model organism or animal sample from Clupea harengus
SAMN34152211	SRR24138666	Clupea harengus	BF18_HastKar_Baltic_Spring_rg4	2729146400	BF18_HastKar_Baltic_Spring	Model organism or animal sample from Clupea harengus
SAMN34152197	SRR24138667	Clupea harengus	PB6_Galve_Baltic_Summer_rg2	3393594064	PB6_Galve_Baltic_Summer	Model organism or animal sample from Clupea harengus
SAMN34152200	SRR24138672	Clupea harengus	PB5_Galve_Baltic_Spring_rg8	2679336278	PB5_Galve_Baltic_Spring	Model organism or animal sample from Clupea harengus
SAMN34152200	SRR24138673	Clupea harengus	PB5_Galve_Baltic_Spring_rg7	2679494587	PB5_Galve_Baltic_Spring	Model organism or animal sample from Clupea harengus
SAMN34152205	SRR24138674	Clupea harengus	AF8_Norway_Atlantic_Spring_rg3	2198509200	AF8_Norway_Atlantic_Spring	Model organism or animal sample from Clupea harengus
SAMN34152200	SRR24138682	Clupea harengus	PB5_Galve_Baltic_Spring_rg10	3021460482	PB5_Galve_Baltic_Spring	Model organism or animal sample from Clupea harengus
SAMN34152199	SRR24138684	Clupea harengus	PB4_Hudiksvall_Baltic_Spring_rg8	3389296218	PB4_Hudiksvall_Baltic_Spring	Model organism or animal sample from Clupea harengus
SAMN34152199	SRR24138688	Clupea harengus	PB4_Hudiksvall_Baltic_Spring_rg5	3443990597	PB4_Hudiksvall_Baltic_Spring	Model organism or animal sample from Clupea harengus
SAMN34152199	SRR24138692	Clupea harengus	PB4_Hudiksvall_Baltic_Spring_rg1	3745309739	PB4_Hudiksvall_Baltic_Spring	Model organism or animal sample from Clupea harengus
SAMN34152199	SRR24138694	Clupea harengus	PB4_Hudiksvall_Baltic_Spring_rg10	3855074244	PB4_Hudiksvall_Baltic_Spring	Model organism or animal sample from Clupea harengus
SAMN34152192	SRR24138697	Clupea harengus	PB10_Skagerrak_Atlantic_Spring_rg10	3532531723	PB10_Skagerrak_Atlantic_Spring	Model organism or animal sample from Clupea harengus
SAMN34152190	SRR24138699	Clupea harengus	N_NorthSea_Atlantic_Autumn_rg8	2738330360	N_NorthSea_Atlantic_Autumn	Model organism or animal sample from Clupea harengus
SAMN34152190	SRR24138700	Clupea harengus	N_NorthSea_Atlantic_Autumn_rg7	2540765550	N_NorthSea_Atlantic_Autumn	Model organism or animal sample from Clupea harengus
SAMN34152190	SRR24138703	Clupea harengus	N_NorthSea_Atlantic_Autumn_rg4	2507127338	N_NorthSea_Atlantic_Autumn	Model organism or animal sample from Clupea harengus
SAMN34152203	SRR24138704	Clupea harengus	AF30_Norway_Atlantic_Spring_rg5	2435657000	AF30_Norway_Atlantic_Spring	Model organism or animal sample from Clupea harengus
SAMN34152190	SRR24138706	Clupea harengus	N_NorthSea_Atlantic_Autumn_rg2	2803596171	N_NorthSea_Atlantic_Autumn	Model organism or animal sample from Clupea harengus
SAMN34152190	SRR24138709	Clupea harengus	N_NorthSea_Atlantic_Autumn_rg15	5363094650	N_NorthSea_Atlantic_Autumn	Model organism or animal sample from Clupea harengus
SAMN34152190	SRR24138711	Clupea harengus	N_NorthSea_Atlantic_Autumn_rg13	4620133334	N_NorthSea_Atlantic_Autumn	Model organism or animal sample from Clupea harengus
SAMN34152190	SRR24138713	Clupea harengus	N_NorthSea_Atlantic_Autumn_rg11	4391556113	N_NorthSea_Atlantic_Autumn	Model organism or animal sample from Clupea harengus
SAMN34152217	SRR24138717	Clupea harengus	BM19_HastKar_Baltic_Spring_rg4	2098822200	BM19_HastKar_Baltic_Spring	Model organism or animal sample from Clupea harengus
SAMN34152216	SRR24138721	Clupea harengus	BM16_HastKar_Baltic_Spring_rg5	2438193400	BM16_HastKar_Baltic_Spring	Model organism or animal sample from Clupea harengus
SAMN34152189	SRR24138727	Clupea pallasii	PB8_Pacific_Pacific_Spring_rg2	3082905660	PB8_Pacific_Pacific_Spring	Model organism or animal sample from Clupea pallasii
SAMN34152189	SRR24138728	Clupea pallasii	PB8_Pacific_Pacific_Spring_rg1	3018004273	PB8_Pacific_Pacific_Spring	Model organism or animal sample from Clupea pallasii
SAMN34152189	SRR24138729	Clupea pallasii	PB8_Pacific_Pacific_Spring_rg11	3186335115	PB8_Pacific_Pacific_Spring	Model organism or animal sample from Clupea pallasii
SAMN34152205	SRR24138736	Clupea harengus	AF8_Norway_Atlantic_Spring_rg5	2177585200	AF8_Norway_Atlantic_Spring	Model organism or animal sample from Clupea harengus
SAMN34152198	SRR24138737	Clupea harengus	PB7_Galve_Baltic_Autumn_rg4	2803842456	PB7_Galve_Baltic_Autumn	Model organism or animal sample from Clupea harengus
SAMN34152198	SRR24138739	Clupea harengus	PB7_Galve_Baltic_Autumn_rg2	3077044889	PB7_Galve_Baltic_Autumn	Model organism or animal sample from Clupea harengus
SAMN34152198	SRR24138742	Clupea harengus	PB7_Galve_Baltic_Autumn_rg10	3128189045	PB7_Galve_Baltic_Autumn	Model organism or animal sample from Clupea harengus
SAMN34152197	SRR24138749	Clupea harengus	PB6_Galve_Baltic_Summer_rg4	3063285627	PB6_Galve_Baltic_Summer	Model organism or animal sample from Clupea harengus
SAMN34152195	SRR24138751	Clupea harengus	PB12_Karlskrona_Baltic_Spring_rg6	2502315470	PB12_Karlskrona_Baltic_Spring	Model organism or animal sample from Clupea harengus
SAMN34152195	SRR24138755	Clupea harengus	PB12_Karlskrona_Baltic_Spring_rg2	2827728851	PB12_Karlskrona_Baltic_Spring	Model organism or animal sample from Clupea harengus
SAMN34152195	SRR24138756	Clupea harengus	PB12_Karlskrona_Baltic_Spring_rg1	2761345932	PB12_Karlskrona_Baltic_Spring	Model organism or animal sample from Clupea harengus
SAMN34152194	SRR24138765	Clupea harengus	PB11_Kalmar_Baltic_Spring_rg4	2939111119	PB11_Kalmar_Baltic_Spring	Model organism or animal sample from Clupea harengus
SAMN34152192	SRR24138773	Clupea harengus	PB10_Skagerrak_Atlantic_Spring_rg8	3095877621	PB10_Skagerrak_Atlantic_Spring	Model organism or animal sample from Clupea harengus
SAMN34152192	SRR24138777	Clupea harengus	PB10_Skagerrak_Atlantic_Spring_rg4	3117881729	PB10_Skagerrak_Atlantic_Spring	Model organism or animal sample from Clupea harengus
SAMN34152192	SRR24138778	Clupea harengus	PB10_Skagerrak_Atlantic_Spring_rg3	3099379266	PB10_Skagerrak_Atlantic_Spring	Model organism or animal sample from Clupea harengus
SAMN34152210	SRR24138783	Clupea harengus	BF16_HastKar_Baltic_Spring_rg4	2063273400	BF16_HastKar_Baltic_Spring	Model organism or animal sample from Clupea harengus
SAMN34152210	SRR24138784	Clupea harengus	BF16_HastKar_Baltic_Spring_rg3	2226029600	BF16_HastKar_Baltic_Spring	Model organism or animal sample from Clupea harengus
SAMN34152209	SRR24138790	Clupea harengus	AM8_Norway_Atlantic_Spring_rg3	2266766800	AM8_Norway_Atlantic_Spring	Model organism or animal sample from Clupea harengus
SAMN34152208	SRR24138796	Clupea harengus	AM33_Norway_Atlantic_Spring_rg2	2293076600	AM33_Norway_Atlantic_Spring	Model organism or animal sample from Clupea harengus
SAMN34152202	SRR24138798	Clupea harengus	AF29_Norway_Atlantic_Spring_rg4	2470753800	AF29_Norway_Atlantic_Spring	Model organism or animal sample from Clupea harengus
SAMN34152207	SRR24138803	Clupea harengus	AM29_Norway_Atlantic_Spring_rg1	2156105200	AM29_Norway_Atlantic_Spring	Model organism or animal sample from Clupea harengus
SAMN34152206	SRR24138805	Clupea harengus	AM27_Norway_Atlantic_Spring_rg4	2648421000	AM27_Norway_Atlantic_Spring	Model organism or animal sample from Clupea harengus
SAMN34152196	SRR24138806	Clupea harengus	PN3_CentralBaltic_Baltic_Spring_rg9	2999225194	PN3_CentralBaltic_Baltic_Spring	Model organism or animal sample from Clupea harengus
SAMN34152191	SRR24138807	Clupea harengus	PB2_Iceland_Atlantic_Spring_rg9	3640161004	PB2_Iceland_Atlantic_Spring	Model organism or animal sample from Clupea harengus
SAMN34152205	SRR24138808	Clupea harengus	AF8_Norway_Atlantic_Spring_rg1	2001851000	AF8_Norway_Atlantic_Spring	Model organism or animal sample from Clupea harengus
SAMN34152191	SRR24138811	Clupea harengus	PB2_Iceland_Atlantic_Spring_rg6	3070884153	PB2_Iceland_Atlantic_Spring	Model organism or animal sample from Clupea harengus
SAMN34152191	SRR24138812	Clupea harengus	PB2_Iceland_Atlantic_Spring_rg5	3080495994	PB2_Iceland_Atlantic_Spring	Model organism or animal sample from Clupea harengus
SAMN34152191	SRR24138813	Clupea harengus	PB2_Iceland_Atlantic_Spring_rg4	3081473099	PB2_Iceland_Atlantic_Spring	Model organism or animal sample from Clupea harengus
SAMN34152191	SRR24138814	Clupea harengus	PB2_Iceland_Atlantic_Spring_rg3	3042615907	PB2_Iceland_Atlantic_Spring	Model organism or animal sample from Clupea harengus
SAMN34152204	SRR24138819	Clupea harengus	AF31_Norway_Atlantic_Spring_rg5	2548510600	AF31_Norway_Atlantic_Spring	Model organism or animal sample from Clupea harengus
SAMN34152201	SRR24138820	Clupea harengus	PB1_HastKar_Baltic_Spring_rg9	3162872536	PB1_HastKar_Baltic_Spring	Model organism or animal sample from Clupea harengus
SAMN34152201	SRR24138823	Clupea harengus	PB1_HastKar_Baltic_Spring_rg6	2663794142	PB1_HastKar_Baltic_Spring	Model organism or animal sample from Clupea harengus
SAMN34152201	SRR24138825	Clupea harengus	PB1_HastKar_Baltic_Spring_rg4	2661106994	PB1_HastKar_Baltic_Spring	Model organism or animal sample from Clupea harengus
SAMN34152201	SRR24138827	Clupea harengus	PB1_HastKar_Baltic_Spring_rg2	2991060028	PB1_HastKar_Baltic_Spring	Model organism or animal sample from Clupea harengus
SAMN34152201	SRR24138828	Clupea harengus	PB1_HastKar_Baltic_Spring_rg1	2930431475	PB1_HastKar_Baltic_Spring	Model organism or animal sample from Clupea harengus
SAMN34152195	SRR24138832	Clupea harengus	PB12_Karlskrona_Baltic_Spring_rg9	2998849957	PB12_Karlskrona_Baltic_Spring	Model organism or animal sample from Clupea harengus
SAMN34152204	SRR24138835	Clupea harengus	AF31_Norway_Atlantic_Spring_rg1	2358717000	AF31_Norway_Atlantic_Spring	Model organism or animal sample from Clupea harengus
SAMN34152202	SRR24138837	Clupea harengus	AF29_Norway_Atlantic_Spring_rg1	2439847400	AF29_Norway_Atlantic_Spring	Model organism or animal sample from Clupea harengus
SAMN15398089	SRR12106874	Clupea harengus	HGS22_CapeWrath_Atlantic_Autumn_rg3	3491254994	HGS22_CapeWrath	HGS22_CapeWrath
SAMN15398089	SRR12106876	Clupea harengus	HGS22_CapeWrath_Atlantic_Autumn_rg1	28069268280	HGS22_CapeWrath	HGS22_CapeWrath
SAMN15398088	SRR12106878	Clupea harengus	HGS16_Orkney_NorthSea_Autumn_rg3	2829473636	HGS16_Orkney	HGS16_Orkney
SAMN15398086	SRR12106882	Clupea harengus	HGS21_Hebrides_Atlantic_Mixed_rg3	5878488890	HGS21_Hebrides	HGS21_Hebrides
SAMN15398080	SRR12106893	Clupea harengus	HGS19_TeelinBay_Atlantic_Winter_rg2	8398240084	HGS19_TeelinBay	HGS19_TeelinBay
SAMN15398080	SRR12106894	Clupea harengus	HGS19_TeelinBay_Atlantic_Winter_rg1	20274964186	HGS19_TeelinBay	HGS19_TeelinBay
SAMN15398035	SRR12106899	Clupea pallasii	Pacific16_Vancouver_Pacific_rg2	16772346300	Pacific16	Pacific16
SAMN15398075	SRR12106902	Clupea harengus	HGS8_KattegatNorth_Atlantic_Spring_rg1	56006550421	HGS8_KattegatNorth	HGS8_KattegatNorth
SAMN15398072	SRR12106905	Clupea harengus	HGS24_Landvik_Atlantic_Spring_rg2	19440089716	HGS24_Landvik	HGS24_Landvik
SAMN15398072	SRR12106906	Clupea harengus	HGS24_Landvik_Atlantic_Spring_rg1	19713872346	HGS24_Landvik	HGS24_Landvik
SAMN15398071	SRR12106907	Clupea harengus	HGS11_RingkobingFjord_NorthSea_Spring_rg1	32402950862	HGS11_RingkobingFjord	HGS11_RingkobingFjord
SAMN15398069	SRR12106909	Clupea harengus	HGS6_Schlei_Baltic_Spring_rg1	44314678868	HGS6_Schlei	HGS6_Schlei
SAMN15398068	SRR12106911	Clupea harengus	HGS12_BornholmBasin_Baltic_Autumn_rg1	30039395880	HGS12_BornholmBasin	HGS12_BornholmBasin
SAMN15398064	SRR12106915	Clupea harengus	HGS71_Rugen_Baltic_Spring_rg1	34967672609	HGS71_Rugen	HGS71_Rugen
SAMN15398063	SRR12106916	Clupea harengus	HGS4_Riga_Baltic_Autumn_rg1	67118867647	HGS4_Riga	HGS4_Riga
SAMN15398058	SRR12106922	Clupea harengus	Fehmarn6_Fehmarn_Baltic_Autumn_rg1	26348546250	Fehmarn6	Fehmarn6
SAMN15398055	SRR12106925	Clupea harengus	Gavle98_Gavle_Baltic_Autumn_rg1	44921137250	Gavle98	Gavle98
SAMN15398054	SRR12106926	Clupea harengus	Gavle54_Gavle_Baltic_Autumn_rg1	24802706500	Gavle54	Gavle54
SAMN15398052	SRR12106930	Clupea harengus	AAL2_CelticSea_Atlantic_Winter_rg1	6240517430	AAL2_CelticSea	AAL2_CelticSea
SAMN15398034	SRR12106932	Clupea pallasii	Pacific5_Vancouver_Pacific_rg2	17351566200	Pacific5	Pacific5
SAMN15398050	SRR12106934	Clupea harengus	AK3_Downs_Atlantic_Winter_rg2	5808670416	AK3_Downs	AK3_Downs
SAMN15398049	SRR12106937	Clupea harengus	AK2_Downs_Atlantic_Winter_rg1	6684084158	AK2_Downs	AK2_Downs
SAMN15398045	SRR12106945	Clupea harengus	Z4_IsleofMan_Atlantic_Autumn_rg2	8664204840	Z4_IsleofMan	Z4_IsleofMan
SAMN15398042	SRR12106949	Clupea harengus	NorthSea13_NorthSea_Atlantic_Autumn_rg1	15977515250	NorthSea13	NorthSea13
SAMN15398040	SRR12106953	Clupea harengus	NSSH34_Norway_Atlantic_Spring_rg1	6718464442	NSSH34	NSSH34
SAMN15398039	SRR12106955	Clupea harengus	NSSH33_Norway_Atlantic_Spring_rg2	5217257172	NSSH33	NSSH33
SAMN15398039	SRR12106956	Clupea harengus	NSSH33_Norway_Atlantic_Spring_rg1	5257692556	NSSH33	NSSH33
SAMN15398038	SRR12106957	Clupea pallasii	Pacific44_Vancouver_Pacific_rg3	16296992400	Pacific44	Pacific44
SAMN15398038	SRR12106958	Clupea pallasii	Pacific44_Vancouver_Pacific_rg2	16553638500	Pacific44	Pacific44
SAMN15398037	SRR12106961	Clupea pallasii	Pacific35_Vancouver_Pacific_rg2	12800255100	Pacific35	Pacific35
SAMN15398037	SRR12106962	Clupea pallasii	Pacific35_Vancouver_Pacific_rg1	13227622200	Pacific35	Pacific35
SAMN15398036	SRR12106964	Clupea pallasii	Pacific30_Vancouver_Pacific_rg2	7271668200	Pacific30	Pacific30
SAMN15398033	SRR12106965	Clupea pallasii	Pacific3_Vancouver_Pacific_rg2	13890557100	Pacific3	Pacific3
SAMN20114606	SRR15068292	Clupea pallasii	HWS-1_rg1	59430240740	HWS-1	Model organism or animal sample from Clupea pallasii
SAMN20114602	SRR15068296	Clupea pallasii	HWS-4_rg1	41630317351	HWS-4	Model organism or animal sample from Clupea pallasii
SAMN20114601	SRR15068297	Clupea pallasii	HWS-6_rg1	49407736711	HWS-6	Model organism or animal sample from Clupea pallasii
SAMN20114598	SRR15068300	Clupea pallasii	HWS-12_rg1	45529916224	HWS-12	Model organism or animal sample from Clupea pallasii
SAMN20114595	SRR15068304	Clupea pallasii	HWS-23_rg1	41744594166	HWS-23	Model organism or animal sample from Clupea pallasii
SAMN20114591	SRR15068308	Clupea pallasii	HWS-33_rg1	53505098098	HWS-33	Model organism or animal sample from Clupea pallasii
SAMN20114590	SRR15068309	Clupea pallasii	HWS-32_rg1	40505994620	HWS-32	Model organism or animal sample from Clupea pallasii
SAMN20114589	SRR15068310	Clupea pallasii	HWS-31_rg1	51672442506	HWS-31	Model organism or animal sample from Clupea pallasii
SAMN20114587	SRR15068312	Clupea pallasii	HWS-53_rg1	46834512736	HWS-53	Model organism or animal sample from Clupea pallasii
SAMN20114577	SRR15068314	Clupea pallasii	HWS-61_rg1	43131554232	HWS-61	Model organism or animal sample from Clupea pallasii
SAMN33225854	SRR23440842	Clupea pallasii	Herring_760	2282023740	Herring_760	Model organism or animal sample from Clupea pallasii
SAMN33225886	SRR23440846	Clupea pallasii	Herring_793	2350243124	Herring_793	Model organism or animal sample from Clupea pallasii
SAMN33225850	SRR23440847	Clupea pallasii	Herring_756	3035620950	Herring_756	Model organism or animal sample from Clupea pallasii
SAMN33225883	SRR23440850	Clupea pallasii	Herring_790	1507097780	Herring_790	Model organism or animal sample from Clupea pallasii
SAMN33225882	SRR23440851	Clupea pallasii	Herring_789	2151410854	Herring_789	Model organism or animal sample from Clupea pallasii
SAMN33225881	SRR23440852	Clupea pallasii	Herring_788	1777581060	Herring_788	Model organism or animal sample from Clupea pallasii
SAMN33225879	SRR23440854	Clupea pallasii	Herring_786	1883338440	Herring_786	Model organism or animal sample from Clupea pallasii
SAMN33225873	SRR23440861	Clupea pallasii	Herring_780	2892132294	Herring_780	Model organism or animal sample from Clupea pallasii
SAMN33225869	SRR23440865	Clupea pallasii	Herring_776	2560077556	Herring_776	Model organism or animal sample from Clupea pallasii
SAMN33225867	SRR23440867	Clupea pallasii	Herring_774	2358283572	Herring_774	Model organism or animal sample from Clupea pallasii
SAMN33225848	SRR23440869	Clupea pallasii	Herring_754	9347821100	Herring_754	Model organism or animal sample from Clupea pallasii
SAMN33225865	SRR23440870	Clupea pallasii	Herring_772	2957366106	Herring_772	Model organism or animal sample from Clupea pallasii
SAMN33225860	SRR23440875	Clupea pallasii	Herring_767	1240054582	Herring_767	Model organism or animal sample from Clupea pallasii
SAMN33225859	SRR23440876	Clupea pallasii	Herring_766	1692367532	Herring_766	Model organism or animal sample from Clupea pallasii
SAMN33225846	SRR23440881	Clupea pallasii	Herring_752	8398617886	Herring_752	Model organism or animal sample from Clupea pallasii
SAMN34152196	SRR24138620	Clupea harengus	PN3_CentralBaltic_Baltic_Spring_rg11	2915424571	PN3_CentralBaltic_Baltic_Spring	Model organism or animal sample from Clupea harengus
SAMN34152193	SRR24138623	Clupea harengus	PB9_Kattegat_Atlantic_Spring_rg8	3166348225	PB9_Kattegat_Atlantic_Spring	Model organism or animal sample from Clupea harengus
SAMN34152193	SRR24138625	Clupea harengus	PB9_Kattegat_Atlantic_Spring_rg6	3178304105	PB9_Kattegat_Atlantic_Spring	Model organism or animal sample from Clupea harengus
SAMN34152193	SRR24138627	Clupea harengus	PB9_Kattegat_Atlantic_Spring_rg4	3219194970	PB9_Kattegat_Atlantic_Spring	Model organism or animal sample from Clupea harengus
SAMN34152193	SRR24138630	Clupea harengus	PB9_Kattegat_Atlantic_Spring_rg2	3524684925	PB9_Kattegat_Atlantic_Spring	Model organism or animal sample from Clupea harengus
SAMN34152193	SRR24138633	Clupea harengus	PB9_Kattegat_Atlantic_Spring_rg10	3556162518	PB9_Kattegat_Atlantic_Spring	Model organism or animal sample from Clupea harengus
SAMN34152189	SRR24138637	Clupea pallasii	PB8_Pacific_Pacific_Spring_rg6	2784698838	PB8_Pacific_Pacific_Spring	Model organism or animal sample from Clupea pallasii
SAMN34152216	SRR24138639	Clupea harengus	BM16_HastKar_Baltic_Spring_rg3	2458013800	BM16_HastKar_Baltic_Spring	Model organism or animal sample from Clupea harengus
SAMN34152216	SRR24138640	Clupea harengus	BM16_HastKar_Baltic_Spring_rg2	2584172000	BM16_HastKar_Baltic_Spring	Model organism or animal sample from Clupea harengus
SAMN34152215	SRR24138643	Clupea harengus	BM15_HastKar_Baltic_Spring_rg5	2600773800	BM15_HastKar_Baltic_Spring	Model organism or animal sample from Clupea harengus
SAMN34152215	SRR24138644	Clupea harengus	BM15_HastKar_Baltic_Spring_rg4	2432442200	BM15_HastKar_Baltic_Spring	Model organism or animal sample from Clupea harengus
SAMN34152215	SRR24138646	Clupea harengus	BM15_HastKar_Baltic_Spring_rg2	2758426800	BM15_HastKar_Baltic_Spring	Model organism or animal sample from Clupea harengus
SAMN34152215	SRR24138647	Clupea harengus	BM15_HastKar_Baltic_Spring_rg1	2399773800	BM15_HastKar_Baltic_Spring	Model organism or animal sample from Clupea harengus
SAMN34152214	SRR24138652	Clupea harengus	BM14_HastKar_Baltic_Spring_rg1	2019388200	BM14_HastKar_Baltic_Spring	Model organism or animal sample from Clupea harengus
SAMN34152203	SRR24138653	Clupea harengus	AF30_Norway_Atlantic_Spring_rg2	2584237200	AF30_Norway_Atlantic_Spring	Model organism or animal sample from Clupea harengus
SAMN34152213	SRR24138656	Clupea harengus	BF21_HastKar_Baltic_Spring_rg3	2451702400	BF21_HastKar_Baltic_Spring	Model organism or animal sample from Clupea harengus
SAMN34152213	SRR24138657	Clupea harengus	BF21_HastKar_Baltic_Spring_rg2	2589004400	BF21_HastKar_Baltic_Spring	Model organism or animal sample from Clupea harengus
SAMN34152212	SRR24138659	Clupea harengus	BF19_HastKar_Baltic_Spring_rg5	2524021400	BF19_HastKar_Baltic_Spring	Model organism or animal sample from Clupea harengus
SAMN34152200	SRR24138676	Clupea harengus	PB5_Galve_Baltic_Spring_rg5	2725676460	PB5_Galve_Baltic_Spring	Model organism or animal sample from Clupea harengus
SAMN34152200	SRR24138678	Clupea harengus	PB5_Galve_Baltic_Spring_rg3	2689562675	PB5_Galve_Baltic_Spring	Model organism or animal sample from Clupea harengus
SAMN34152200	SRR24138679	Clupea harengus	PB5_Galve_Baltic_Spring_rg2	3009920953	PB5_Galve_Baltic_Spring	Model organism or animal sample from Clupea harengus
SAMN34152200	SRR24138681	Clupea harengus	PB5_Galve_Baltic_Spring_rg11	3073883193	PB5_Galve_Baltic_Spring	Model organism or animal sample from Clupea harengus
SAMN34152199	SRR24138686	Clupea harengus	PB4_Hudiksvall_Baltic_Spring_rg7	3399087713	PB4_Hudiksvall_Baltic_Spring	Model organism or animal sample from Clupea harengus
SAMN34152199	SRR24138687	Clupea harengus	PB4_Hudiksvall_Baltic_Spring_rg6	3419143301	PB4_Hudiksvall_Baltic_Spring	Model organism or animal sample from Clupea harengus
SAMN34152199	SRR24138689	Clupea harengus	PB4_Hudiksvall_Baltic_Spring_rg4	3440338202	PB4_Hudiksvall_Baltic_Spring	Model organism or animal sample from Clupea harengus
SAMN34152199	SRR24138691	Clupea harengus	PB4_Hudiksvall_Baltic_Spring_rg2	3803982889	PB4_Hudiksvall_Baltic_Spring	Model organism or animal sample from Clupea harengus
SAMN34152192	SRR24138695	Clupea harengus	PB10_Skagerrak_Atlantic_Spring_rg1	3430970540	PB10_Skagerrak_Atlantic_Spring	Model organism or animal sample from Clupea harengus
SAMN34152190	SRR24138698	Clupea harengus	N_NorthSea_Atlantic_Autumn_rg9	4381510425	N_NorthSea_Atlantic_Autumn	Model organism or animal sample from Clupea harengus
SAMN34152190	SRR24138701	Clupea harengus	N_NorthSea_Atlantic_Autumn_rg6	4707681575	N_NorthSea_Atlantic_Autumn	Model organism or animal sample from Clupea harengus
SAMN34152190	SRR24138702	Clupea harengus	N_NorthSea_Atlantic_Autumn_rg5	2823942301	N_NorthSea_Atlantic_Autumn	Model organism or animal sample from Clupea harengus
SAMN34152190	SRR24138705	Clupea harengus	N_NorthSea_Atlantic_Autumn_rg3	4504694618	N_NorthSea_Atlantic_Autumn	Model organism or animal sample from Clupea harengus
SAMN34152190	SRR24138708	Clupea harengus	N_NorthSea_Atlantic_Autumn_rg16	2605962420	N_NorthSea_Atlantic_Autumn	Model organism or animal sample from Clupea harengus
SAMN34152190	SRR24138710	Clupea harengus	N_NorthSea_Atlantic_Autumn_rg14	2587988525	N_NorthSea_Atlantic_Autumn	Model organism or animal sample from Clupea harengus
SAMN34152190	SRR24138714	Clupea harengus	N_NorthSea_Atlantic_Autumn_rg10	2464119274	N_NorthSea_Atlantic_Autumn	Model organism or animal sample from Clupea harengus
SAMN34152217	SRR24138718	Clupea harengus	BM19_HastKar_Baltic_Spring_rg3	2295355800	BM19_HastKar_Baltic_Spring	Model organism or animal sample from Clupea harengus
SAMN34152217	SRR24138720	Clupea harengus	BM19_HastKar_Baltic_Spring_rg1	2076059800	BM19_HastKar_Baltic_Spring	Model organism or animal sample from Clupea harengus
SAMN34152189	SRR24138723	Clupea pallasii	PB8_Pacific_Pacific_Spring_rg4	2796841203	PB8_Pacific_Pacific_Spring	Model organism or animal sample from Clupea pallasii
SAMN34152202	SRR24138725	Clupea harengus	AF29_Norway_Atlantic_Spring_rg3	2659817000	AF29_Norway_Atlantic_Spring	Model organism or animal sample from Clupea harengus
SAMN34152189	SRR24138730	Clupea pallasii	PB8_Pacific_Pacific_Spring_rg10	3133014184	PB8_Pacific_Pacific_Spring	Model organism or animal sample from Clupea pallasii
SAMN34152198	SRR24138731	Clupea harengus	PB7_Galve_Baltic_Autumn_rg9	3300941691	PB7_Galve_Baltic_Autumn	Model organism or animal sample from Clupea harengus
SAMN34152198	SRR24138732	Clupea harengus	PB7_Galve_Baltic_Autumn_rg8	2771195863	PB7_Galve_Baltic_Autumn	Model organism or animal sample from Clupea harengus
SAMN34152198	SRR24138738	Clupea harengus	PB7_Galve_Baltic_Autumn_rg3	2758585803	PB7_Galve_Baltic_Autumn	Model organism or animal sample from Clupea harengus
SAMN34152198	SRR24138741	Clupea harengus	PB7_Galve_Baltic_Autumn_rg11	3171211415	PB7_Galve_Baltic_Autumn	Model organism or animal sample from Clupea harengus
SAMN34152197	SRR24138743	Clupea harengus	PB6_Galve_Baltic_Summer_rg9	3606660808	PB6_Galve_Baltic_Summer	Model organism or animal sample from Clupea harengus
SAMN34152197	SRR24138745	Clupea harengus	PB6_Galve_Baltic_Summer_rg7	3039274384	PB6_Galve_Baltic_Summer	Model organism or animal sample from Clupea harengus
SAMN34152197	SRR24138746	Clupea harengus	PB6_Galve_Baltic_Summer_rg6	3054784052	PB6_Galve_Baltic_Summer	Model organism or animal sample from Clupea harengus
SAMN34152197	SRR24138750	Clupea harengus	PB6_Galve_Baltic_Summer_rg3	3034226710	PB6_Galve_Baltic_Summer	Model organism or animal sample from Clupea harengus
SAMN34152195	SRR24138754	Clupea harengus	PB12_Karlskrona_Baltic_Spring_rg3	2495556630	PB12_Karlskrona_Baltic_Spring	Model organism or animal sample from Clupea harengus
SAMN34152204	SRR24138757	Clupea harengus	AF31_Norway_Atlantic_Spring_rg3	2572698600	AF31_Norway_Atlantic_Spring	Model organism or animal sample from Clupea harengus
SAMN34152194	SRR24138761	Clupea harengus	PB11_Kalmar_Baltic_Spring_rg8	2917359734	PB11_Kalmar_Baltic_Spring	Model organism or animal sample from Clupea harengus
SAMN34152194	SRR24138763	Clupea harengus	PB11_Kalmar_Baltic_Spring_rg6	2951990901	PB11_Kalmar_Baltic_Spring	Model organism or animal sample from Clupea harengus
SAMN34152194	SRR24138767	Clupea harengus	PB11_Kalmar_Baltic_Spring_rg2	3283981239	PB11_Kalmar_Baltic_Spring	Model organism or animal sample from Clupea harengus
SAMN34152194	SRR24138769	Clupea harengus	PB11_Kalmar_Baltic_Spring_rg1	3221766824	PB11_Kalmar_Baltic_Spring	Model organism or animal sample from Clupea harengus
SAMN34152194	SRR24138770	Clupea harengus	PB11_Kalmar_Baltic_Spring_rg11	3396679278	PB11_Kalmar_Baltic_Spring	Model organism or animal sample from Clupea harengus
SAMN34152194	SRR24138771	Clupea harengus	PB11_Kalmar_Baltic_Spring_rg10	3339050528	PB11_Kalmar_Baltic_Spring	Model organism or animal sample from Clupea harengus
SAMN34152192	SRR24138774	Clupea harengus	PB10_Skagerrak_Atlantic_Spring_rg7	3113833624	PB10_Skagerrak_Atlantic_Spring	Model organism or animal sample from Clupea harengus
SAMN34152192	SRR24138776	Clupea harengus	PB10_Skagerrak_Atlantic_Spring_rg5	3144128709	PB10_Skagerrak_Atlantic_Spring	Model organism or animal sample from Clupea harengus
SAMN34152211	SRR24138779	Clupea harengus	BF18_HastKar_Baltic_Spring_rg3	2928517400	BF18_HastKar_Baltic_Spring	Model organism or animal sample from Clupea harengus
SAMN34152211	SRR24138780	Clupea harengus	BF18_HastKar_Baltic_Spring_rg2	3087424800	BF18_HastKar_Baltic_Spring	Model organism or animal sample from Clupea harengus
SAMN34152211	SRR24138781	Clupea harengus	BF18_HastKar_Baltic_Spring_rg1	2686321000	BF18_HastKar_Baltic_Spring	Model organism or animal sample from Clupea harengus
SAMN34152210	SRR24138782	Clupea harengus	BF16_HastKar_Baltic_Spring_rg5	2207138200	BF16_HastKar_Baltic_Spring	Model organism or animal sample from Clupea harengus
SAMN34152210	SRR24138785	Clupea harengus	BF16_HastKar_Baltic_Spring_rg2	2354946000	BF16_HastKar_Baltic_Spring	Model organism or animal sample from Clupea harengus
SAMN34152210	SRR24138786	Clupea harengus	BF16_HastKar_Baltic_Spring_rg1	2033570400	BF16_HastKar_Baltic_Spring	Model organism or animal sample from Clupea harengus
SAMN34152209	SRR24138791	Clupea harengus	AM8_Norway_Atlantic_Spring_rg2	2419403400	AM8_Norway_Atlantic_Spring	Model organism or animal sample from Clupea harengus
SAMN34152209	SRR24138792	Clupea harengus	AM8_Norway_Atlantic_Spring_rg1	2098952400	AM8_Norway_Atlantic_Spring	Model organism or animal sample from Clupea harengus
SAMN34152208	SRR24138794	Clupea harengus	AM33_Norway_Atlantic_Spring_rg4	2076806600	AM33_Norway_Atlantic_Spring	Model organism or animal sample from Clupea harengus
SAMN34152207	SRR24138799	Clupea harengus	AM29_Norway_Atlantic_Spring_rg5	2323210400	AM29_Norway_Atlantic_Spring	Model organism or animal sample from Clupea harengus
SAMN34152207	SRR24138800	Clupea harengus	AM29_Norway_Atlantic_Spring_rg4	2185234800	AM29_Norway_Atlantic_Spring	Model organism or animal sample from Clupea harengus
SAMN34152207	SRR24138801	Clupea harengus	AM29_Norway_Atlantic_Spring_rg3	2344296600	AM29_Norway_Atlantic_Spring	Model organism or animal sample from Clupea harengus
SAMN34152191	SRR24138815	Clupea harengus	PB2_Iceland_Atlantic_Spring_rg2	3399755593	PB2_Iceland_Atlantic_Spring	Model organism or animal sample from Clupea harengus
SAMN34152191	SRR24138818	Clupea harengus	PB2_Iceland_Atlantic_Spring_rg10	3463362603	PB2_Iceland_Atlantic_Spring	Model organism or animal sample from Clupea harengus
SAMN34152201	SRR24138821	Clupea harengus	PB1_HastKar_Baltic_Spring_rg8	2635517294	PB1_HastKar_Baltic_Spring	Model organism or animal sample from Clupea harengus
SAMN34152201	SRR24138822	Clupea harengus	PB1_HastKar_Baltic_Spring_rg7	2645362418	PB1_HastKar_Baltic_Spring	Model organism or animal sample from Clupea harengus
SAMN34152195	SRR24138833	Clupea harengus	PB12_Karlskrona_Baltic_Spring_rg8	2469140827	PB12_Karlskrona_Baltic_Spring	Model organism or animal sample from Clupea harengus
